Order_ID,Order_Date,CustomerID,Product,Category,Unit_Price,Quantity,Total_Sales,Ad_Budget
ORD_00000,2025-11-05,CUST_002,Sheet Mask Collagen (10pcs),Kecantikan,89572.0,6,537429.0,50547.0
ORD_00001,2025-02-28,CUST_042,Lip Tint & Blush Duo,Kecantikan,182986.0,3,548957.0,39785.0
ORD_00002,2025-05-11,CUST_051,Eau de Parfum 100ml,Kecantikan,751708.0,3,2255124.0,204190.0
ORD_00003,2025-08-30,CUST_009,Sepatu Running Carbon,Olahraga,1479114.0,1,1479114.0,167048.0
ORD_00004,2025-03-22,CUST_036,Jeans Denim Slim,Fashion,510856.0,3,1532568.0,100233.0
ORD_00005,2025-10-23,CUST_085,Kaos Oversize Unisex,Fashion,137947.0,10,1379468.0,79614.0
ORD_00006,2025-01-09,CUST_088,Matras Yoga Premium,Olahraga,302862.0,5,1514308.0,84708.0
ORD_00007,2025-10-16,CUST_005,Smartwatch Ultra,Elektronik,2331946.0,1,2331946.0,227786.0
ORD_00008,2025-02-17,CUST_023,Sneakers Limited Edition,Fashion,1070714.0,1,1070714.0,80147.0
ORD_00009,2025-05-11,CUST_001,Adjustable Dumbbell 20kg,Olahraga,1161269.0,1,1161269.0,90551.0
ORD_00010,2025-06-28,CUST_063,Matras Yoga Premium,Olahraga,330786.0,2,661572.0,40788.0
ORD_00011,2025-01-29,CUST_036,Smartwatch Ultra,Elektronik,2490932.0,2,4981863.0,435367.0
ORD_00012,2025-04-18,CUST_044,Adjustable Dumbbell 20kg,Olahraga,1077411.0,3,3232233.0,266310.0
ORD_00013,2025-10-10,CUST_062,Vitamin C Serum 30ml,Kecantikan,388759.0,2,777518.0,55459.0
ORD_00014,2025-11-14,CUST_037,Smartwatch Ultra,Elektronik,2318545.0,1,2318545.0,201819.0
ORD_00015,2025-06-29,CUST_062,Wireless Noise Cancelling,Elektronik,496601.0,2,993202.0,87885.0
ORD_00016,2025-04-23,CUST_056,Smartphone Flagship,Elektronik,7796566.0,1,7796566.0,569560.0
ORD_00017,2025-05-06,CUST_002,Wireless Noise Cancelling,Elektronik,501583.0,2,1003167.0,109843.0
ORD_00018,2025-11-21,CUST_098,Tumbler Insulated 1L,Olahraga,119843.0,4,479373.0,49466.0
ORD_00019,2025-09-16,CUST_020,Sofa L Shape Minimalis,Home & Living,4856362.0,1,4856362.0,469847.0
ORD_00020,2025-02-08,CUST_082,Vitamin C Serum 30ml,Kecantikan,390727.0,4,1562906.0,123242.0
ORD_00021,2025-04-09,CUST_007,Wireless Noise Cancelling,Elektronik,555335.0,1,555335.0,59776.0
ORD_00022,2025-06-01,CUST_054,Lip Tint & Blush Duo,Kecantikan,190931.0,8,1527445.0,161603.0
ORD_00023,2025-12-06,CUST_099,Smartwatch Ultra,Elektronik,2317358.0,1,2317358.0,
ORD_00024,2025-06-10,CUST_068,Wireless Noise Cancelling,Elektronik,515709.0,3,1547127.0,177405.0
ORD_00025,2025-07-14,CUST_017,Drone 4K Camera,Elektronik,4746380.0,1,4746380.0,472978.0
ORD_00026,2025-02-20,CUST_054,Smartwatch Ultra,Elektronik,2485229.0,2,4970459.0,
ORD_00027,2025-02-04,CUST_064,Set Dinnerware Keramik,Home & Living,398703.0,4,1594812.0,114581.0
ORD_00028,2025-08-21,CUST_037,Laptop Gaming Pro,Elektronik,12059121.0,1,12059121.0,1302501.0
ORD_00029,2025-06-10,CUST_067,Sepatu Running Carbon,Olahraga,1337098.0,3,4011294.0,266569.0
ORD_00030,2025-06-23,CUST_024,Jaket Kulit Premium,Fashion,2057394.0,1,2057394.0,227961.0
ORD_00031,2025-10-26,CUST_048,Sneakers Limited Edition,Fashion,1020189.0,1,1020189.0,108059.0
ORD_00032,2025-08-03,CUST_063,Matras Yoga Premium,Olahraga,313630.0,11,3449928.0,209200.0
ORD_00033,2025-02-27,CUST_086,Sofa L Shape Minimalis,Home & Living,5223909.0,1,5223909.0,
ORD_00034,2025-04-11,CUST_097,Smartwatch Ultra,Elektronik,2372880.0,1,2372880.0,206974.0
ORD_00035,2025-11-07,CUST_040,Tumbler Insulated 1L,Olahraga,125627.0,3,376881.0,32954.0
ORD_00036,2025-05-07,CUST_009,Sheet Mask Collagen (10pcs),Kecantikan,90202.0,6,541211.0,32393.0
ORD_00037,2025-09-29,CUST_061,Sheet Mask Collagen (10pcs),Kecantikan,90180.0,4,360718.0,40067.0
ORD_00038,2025-04-04,CUST_062,Resistance Band Set,Olahraga,79779.0,4,319114.0,18432.0
ORD_00039,2025-11-21,CUST_100,Sheet Mask Collagen (10pcs),Kecantikan,93457.0,5,467286.0,42967.0
ORD_00040,2025-06-09,CUST_091,Kaos Oversize Unisex,Fashion,148304.0,6,889825.0,50356.0
ORD_00041,2025-06-17,CUST_074,Eau de Parfum 100ml,Kecantikan,802976.0,3,2408927.0,188297.0
ORD_00042,2025-03-31,CUST_008,Bantal Ergonomis Memory,Home & Living,280203.0,3,840610.0,63208.0
ORD_00043,2025-08-05,CUST_021,Matras Yoga Premium,Olahraga,312235.0,4,1248939.0,138881.0
ORD_00044,2025-02-05,CUST_082,Sepatu Running Carbon,Olahraga,1396764.0,2,2793528.0,276277.0
ORD_00045,2025-12-21,CUST_030,Drone 4K Camera,Elektronik,4989560.0,1,4989560.0,495935.0
ORD_00046,2025-07-06,CUST_019,Laptop Gaming Pro,Elektronik,13152915.0,1,13152915.0,975985.0
ORD_00047,2025-10-11,CUST_078,Smartwatch Ultra,Elektronik,2608910.0,1,2608910.0,157780.0
ORD_00048,2025-02-22,CUST_023,Vitamin C Serum 30ml,Kecantikan,370983.0,2,741965.0,65458.0
ORD_00049,2025-11-27,CUST_018,Drone 4K Camera,Elektronik,5033940.0,3,15101819.0,1325259.0
ORD_00050,2025-06-19,CUST_009,Skincare Routine Set,Kecantikan,858781.0,2,1717561.0,
ORD_00051,2025-11-17,CUST_086,Dress Formal Wanita,Fashion,458091.0,2,916183.0,70964.0
ORD_00052,2025-04-01,CUST_074,Skincare Routine Set,Kecantikan,960796.0,4,3843184.0,340138.0
ORD_00053,2025-11-13,CUST_039,Dress Formal Wanita,Fashion,422869.0,2,845738.0,49373.0
ORD_00054,2025-06-09,CUST_045,Wireless Noise Cancelling,Elektronik,558540.0,5,2792701.0,155635.0
ORD_00055,2025-05-23,CUST_031,Resistance Band Set,Olahraga,80461.0,5,402303.0,27360.0
ORD_00056,2025-11-26,CUST_096,Drone 4K Camera,Elektronik,5033990.0,1,5033990.0,553312.0
ORD_00057,2025-11-12,CUST_050,Eau de Parfum 100ml,Kecantikan,767622.0,1,767622.0,60102.0
ORD_00058,2025-07-20,CUST_033,Eau de Parfum 100ml,Kecantikan,744389.0,1,744389.0,42385.0
ORD_00059,2025-07-16,CUST_047,Tumbler Insulated 1L,Olahraga,133811.0,3,401432.0,32114.0
ORD_00060,2025-01-05,CUST_033,Smartphone Flagship,Elektronik,8270074.0,1,8270074.0,728554.0
ORD_00061,2025-12-08,CUST_059,Smartphone Flagship,Elektronik,7917475.0,1,7917475.0,616403.0
ORD_00062,2025-11-07,CUST_006,Sofa L Shape Minimalis,Home & Living,4783900.0,1,4783900.0,341592.0
ORD_00063,2025-01-01,CUST_051,Skincare Routine Set,Kecantikan,881888.0,6,5291326.0,356121.0
ORD_00064,2025-09-16,CUST_050,Resistance Band Set,Olahraga,84975.0,5,424875.0,35508.0
ORD_00065,2025-12-07,CUST_014,Skincare Routine Set,Kecantikan,850637.0,4,3402547.0,341304.0
ORD_00066,2025-10-13,CUST_079,Dress Formal Wanita,Fashion,414840.0,2,829680.0,74999.0
ORD_00067,2025-05-13,CUST_029,Set Dinnerware Keramik,Home & Living,392521.0,4,1570082.0,167593.0
ORD_00068,2025-09-06,CUST_023,Lip Tint & Blush Duo,Kecantikan,177308.0,7,1241158.0,73913.0
ORD_00069,2025-10-04,CUST_005,Bantal Ergonomis Memory,Home & Living,260582.0,4,1042328.0,69354.0
ORD_00070,2025-08-06,CUST_045,Kaos Oversize Unisex,Fashion,154146.0,4,616583.0,38675.0
ORD_00071,2025-02-25,CUST_094,Sofa L Shape Minimalis,Home & Living,4835369.0,1,4835369.0,465487.0
ORD_00072,2025-12-21,CUST_052,Rak Display Kayu Jati,Home & Living,1323660.0,1,1323660.0,79514.0
ORD_00073,2025-08-26,CUST_018,Kaos Oversize Unisex,Fashion,149950.0,4,599799.0,65206.0
ORD_00074,2025-03-27,CUST_090,Dress Formal Wanita,Fashion,429350.0,3,1288049.0,135815.0
ORD_00075,2025-09-21,CUST_040,Skincare Routine Set,Kecantikan,925462.0,5,4627310.0,417432.0
ORD_00076,2025-10-09,CUST_064,Smartwatch Ultra,Elektronik,2365240.0,1,2365240.0,181615.0
ORD_00077,2025-01-04,CUST_094,Dress Formal Wanita,Fashion,401394.0,4,1605578.0,112001.0
ORD_00078,2025-02-05,CUST_024,Sofa L Shape Minimalis,Home & Living,4869021.0,1,4869021.0,387690.0
ORD_00079,2025-04-28,CUST_068,Kaos Oversize Unisex,Fashion,151252.0,9,1361270.0,90147.0
ORD_00080,2025-10-20,CUST_011,Bantal Ergonomis Memory,Home & Living,279867.0,2,559735.0,40479.0
ORD_00081,2025-01-13,CUST_040,Sheet Mask Collagen (10pcs),Kecantikan,88363.0,3,265090.0,30326.0
ORD_00082,2025-03-17,CUST_099,Kaos Oversize Unisex,Fashion,150356.0,10,1503561.0,167347.0
ORD_00083,2025-12-27,CUST_014,Sofa L Shape Minimalis,Home & Living,5115259.0,1,5115259.0,324238.0
ORD_00084,2025-10-23,CUST_072,Vitamin C Serum 30ml,Kecantikan,387029.0,4,1548114.0,121599.0
ORD_00085,2025-11-05,CUST_051,Rak Display Kayu Jati,Home & Living,1196443.0,2,2392885.0,260763.0
ORD_00086,2025-08-19,CUST_027,Set Dinnerware Keramik,Home & Living,403112.0,2,806224.0,74337.0
ORD_00087,2025-05-03,CUST_074,Sheet Mask Collagen (10pcs),Kecantikan,96062.0,4,384249.0,38712.0
ORD_00088,2025-07-03,CUST_015,Drone 4K Camera,Elektronik,5118847.0,1,5118847.0,320692.0
ORD_00089,2025-05-28,CUST_011,Resistance Band Set,Olahraga,87940.0,5,439700.0,39987.0
ORD_00090,2025-04-21,CUST_060,Sneakers Limited Edition,Fashion,1050989.0,2,2101979.0,192725.0
ORD_00091,2025-10-14,CUST_009,Bantal Ergonomis Memory,Home & Living,281660.0,3,844980.0,85575.0
ORD_00092,2025-09-14,CUST_046,Rak Display Kayu Jati,Home & Living,1318088.0,1,1318088.0,144517.0
ORD_00093,2025-11-05,CUST_009,Resistance Band Set,Olahraga,86467.0,5,432337.0,33618.0
ORD_00094,2025-07-01,CUST_024,Kaos Oversize Unisex,Fashion,134162.0,9,1207458.0,132537.0
ORD_00095,2025-06-05,CUST_085,Smartwatch Ultra,Elektronik,2481591.0,2,4963181.0,461258.0
ORD_00096,2025-07-08,CUST_049,Laptop Gaming Pro,Elektronik,12329248.0,1,12329248.0,741246.0
ORD_00097,2025-11-14,CUST_032,Drone 4K Camera,Elektronik,4793188.0,1,4793188.0,493636.0
ORD_00098,2025-01-18,CUST_001,Sepatu Running Carbon,Olahraga,1373832.0,1,1373832.0,122121.0
ORD_00099,2025-12-25,CUST_003,Lampu Meja Smart LED,Home & Living,185076.0,4,740305.0,
ORD_00100,2025-09-12,CUST_072,Sneakers Limited Edition,Fashion,1008653.0,7,7060573.0,471412.0
ORD_00101,2025-10-18,CUST_096,Drone 4K Camera,Elektronik,4968531.0,1,4968531.0,344274.0
ORD_00102,2025-06-10,CUST_023,Bantal Ergonomis Memory,Home & Living,256825.0,3,770474.0,71650.0
ORD_00103,2025-03-23,CUST_002,Adjustable Dumbbell 20kg,Olahraga,1219266.0,1,1219266.0,114093.0
ORD_00104,2025-04-29,CUST_012,Drone 4K Camera,Elektronik,4663313.0,1,4663313.0,362720.0
ORD_00105,2025-08-12,CUST_081,Sheet Mask Collagen (10pcs),Kecantikan,102378.0,8,819021.0,68195.0
ORD_00106,2025-06-03,CUST_058,Dress Formal Wanita,Fashion,434864.0,4,1739455.0,139682.0
ORD_00107,2025-10-14,CUST_006,Resistance Band Set,Olahraga,80104.0,10,801043.0,56731.0
ORD_00108,2025-11-06,CUST_065,Lampu Meja Smart LED,Home & Living,195590.0,5,977951.0,56543.0
ORD_00109,2025-06-13,CUST_059,Rak Display Kayu Jati,Home & Living,1227859.0,1,1227859.0,88801.0
ORD_00110,2025-09-01,CUST_081,Lampu Meja Smart LED,Home & Living,196243.0,4,784972.0,50804.0
ORD_00111,2025-03-14,CUST_073,Rak Display Kayu Jati,Home & Living,1274667.0,1,1274667.0,106376.0
ORD_00112,2025-02-08,CUST_035,Laptop Gaming Pro,Elektronik,12876805.0,1,12876805.0,1044175.0
ORD_00113,2025-11-26,CUST_057,Lampu Meja Smart LED,Home & Living,208020.0,5,1040101.0,65744.0
ORD_00114,2025-03-30,CUST_012,Smartwatch Ultra,Elektronik,2586885.0,5,12934423.0,905152.0
ORD_00115,2025-10-09,CUST_085,Lampu Meja Smart LED,Home & Living,197754.0,2,395508.0,45468.0
ORD_00116,2025-08-11,CUST_094,Jeans Denim Slim,Fashion,478929.0,2,957858.0,98392.0
ORD_00117,2025-07-07,CUST_045,Vitamin C Serum 30ml,Kecantikan,370622.0,2,741244.0,50998.0
ORD_00118,2025-12-15,CUST_086,Dress Formal Wanita,Fashion,412440.0,3,1237319.0,108104.0
ORD_00119,2025-06-19,CUST_034,Drone 4K Camera,Elektronik,4642777.0,2,9285553.0,524300.0
ORD_00120,2025-09-02,CUST_057,Rak Display Kayu Jati,Home & Living,1303438.0,4,5213751.0,412490.0
ORD_00121,2025-06-07,CUST_068,Skincare Routine Set,Kecantikan,862662.0,4,3450647.0,263206.0
ORD_00122,2025-11-01,CUST_088,Jeans Denim Slim,Fashion,522847.0,1,522847.0,42176.0
ORD_00123,2025-08-14,CUST_025,Eau de Parfum 100ml,Kecantikan,762096.0,5,3810479.0,416194.0
ORD_00124,2025-08-14,CUST_057,Eau de Parfum 100ml,Kecantikan,751523.0,3,2254568.0,155205.0
ORD_00125,2025-09-18,CUST_054,Jaket Kulit Premium,Fashion,2037230.0,1,2037230.0,154845.0
ORD_00126,2025-03-03,CUST_017,Laptop Gaming Pro,Elektronik,12292484.0,2,24584968.0,2470649.0
ORD_00127,2025-12-23,CUST_098,Set Dinnerware Keramik,Home & Living,387278.0,1,387278.0,35078.0
ORD_00128,2025-07-14,CUST_025,Sofa L Shape Minimalis,Home & Living,4673816.0,1,4673816.0,390734.0
ORD_00129,2025-09-08,CUST_005,Kaos Oversize Unisex,Fashion,139261.0,4,557046.0,30807.0
ORD_00130,2025-03-22,CUST_040,Sneakers Limited Edition,Fashion,1002991.0,1,1002991.0,96283.0
ORD_00131,2025-06-30,CUST_042,Resistance Band Set,Olahraga,82743.0,10,827425.0,57358.0
ORD_00132,2025-12-29,CUST_053,Vitamin C Serum 30ml,Kecantikan,384028.0,4,1536111.0,96364.0
ORD_00133,2025-12-26,CUST_095,Kaos Oversize Unisex,Fashion,140973.0,4,563893.0,49956.0
ORD_00134,2025-08-21,CUST_096,Kaos Oversize Unisex,Fashion,139974.0,2,279947.0,15707.0
ORD_00135,2025-07-12,CUST_022,Kaos Oversize Unisex,Fashion,140382.0,5,701912.0,68430.0
ORD_00136,2025-02-27,CUST_087,Dress Formal Wanita,Fashion,446863.0,7,3128040.0,241829.0
ORD_00137,2025-06-06,CUST_075,Sneakers Limited Edition,Fashion,993489.0,3,2980466.0,306060.0
ORD_00138,2025-12-23,CUST_059,Lip Tint & Blush Duo,Kecantikan,191846.0,5,959228.0,105104.0
ORD_00139,2025-10-08,CUST_024,Vitamin C Serum 30ml,Kecantikan,348245.0,4,1392981.0,79216.0
ORD_00140,2025-02-15,CUST_015,Lip Tint & Blush Duo,Kecantikan,171163.0,10,1711628.0,188708.0
ORD_00141,2025-11-15,CUST_086,Laptop Gaming Pro,Elektronik,11995080.0,1,11995080.0,1061622.0
ORD_00142,2025-03-21,CUST_054,Resistance Band Set,Olahraga,79598.0,15,1193970.0,106567.0
ORD_00143,2025-03-18,CUST_026,Eau de Parfum 100ml,Kecantikan,754109.0,3,2262327.0,244223.0
ORD_00144,2025-05-03,CUST_006,Sneakers Limited Edition,Fashion,983567.0,3,2950702.0,274964.0
ORD_00145,2025-09-21,CUST_072,Laptop Gaming Pro,Elektronik,12582593.0,1,12582593.0,1227352.0
ORD_00146,2025-01-12,CUST_087,Kaos Oversize Unisex,Fashion,145613.0,8,1164900.0,115203.0
ORD_00147,2025-07-30,CUST_022,Sheet Mask Collagen (10pcs),Kecantikan,89857.0,7,629002.0,35382.0
ORD_00148,2025-07-26,CUST_097,Sepatu Running Carbon,Olahraga,1358640.0,1,1358640.0,92705.0
ORD_00149,2025-06-01,CUST_050,Skincare Routine Set,Kecantikan,901017.0,4,3604068.0,411797.0
ORD_00150,2025-09-03,CUST_012,Wireless Noise Cancelling,Elektronik,501432.0,6,3008592.0,272401.0
ORD_00151,2025-03-28,CUST_042,Rak Display Kayu Jati,Home & Living,1305200.0,2,2610400.0,207053.0
ORD_00152,2025-05-10,CUST_070,Lip Tint & Blush Duo,Kecantikan,185439.0,5,927193.0,70980.0
ORD_00153,2025-06-13,CUST_045,Wireless Noise Cancelling,Elektronik,527356.0,3,1582068.0,143846.0
ORD_00154,2025-12-16,CUST_001,Lampu Meja Smart LED,Home & Living,195617.0,1,195617.0,14714.0
ORD_00155,2025-04-30,CUST_044,Tumbler Insulated 1L,Olahraga,125670.0,6,754021.0,76840.0
ORD_00156,2025-10-20,CUST_020,Eau de Parfum 100ml,Kecantikan,808403.0,1,808403.0,50427.0
ORD_00157,2025-06-28,CUST_078,Jeans Denim Slim,Fashion,453072.0,2,906144.0,55455.0
ORD_00158,2025-02-08,CUST_095,Lip Tint & Blush Duo,Kecantikan,179765.0,3,539294.0,61148.0
ORD_00159,2025-01-08,CUST_085,Lampu Meja Smart LED,Home & Living,183879.0,3,551636.0,61446.0
ORD_00160,2025-11-07,CUST_090,Drone 4K Camera,Elektronik,4599468.0,1,4599468.0,444113.0
ORD_00161,2025-03-17,CUST_091,Lampu Meja Smart LED,Home & Living,205323.0,1,205323.0,21944.0
ORD_00162,2025-03-31,CUST_062,Smartwatch Ultra,Elektronik,2408395.0,2,4816790.0,453135.0
ORD_00163,2025-04-12,CUST_004,Lip Tint & Blush Duo,Kecantikan,192058.0,6,1152349.0,124121.0
ORD_00164,2025-07-18,CUST_015,Lampu Meja Smart LED,Home & Living,189527.0,6,1137162.0,87548.0
ORD_00165,2025-04-12,CUST_090,Adjustable Dumbbell 20kg,Olahraga,1101708.0,1,1101708.0,85267.0
ORD_00166,2025-04-27,CUST_093,Set Dinnerware Keramik,Home & Living,387610.0,3,1162829.0,130340.0
ORD_00167,2025-10-27,CUST_100,Jaket Kulit Premium,Fashion,1918433.0,1,1918433.0,172295.0
ORD_00168,2025-02-20,CUST_015,Lampu Meja Smart LED,Home & Living,209185.0,5,1045927.0,98612.0
ORD_00169,2025-01-02,CUST_049,Sheet Mask Collagen (10pcs),Kecantikan,88762.0,8,710099.0,69631.0
ORD_00170,2025-02-05,CUST_084,Tumbler Insulated 1L,Olahraga,130868.0,6,785209.0,51913.0
ORD_00171,2025-10-04,CUST_086,Skincare Routine Set,Kecantikan,846780.0,2,1693561.0,157974.0
ORD_00172,2025-02-18,CUST_026,Skincare Routine Set,Kecantikan,979747.0,3,2939242.0,297441.0
ORD_00173,2025-06-13,CUST_074,Rak Display Kayu Jati,Home & Living,1284285.0,2,2568570.0,266031.0
ORD_00174,2025-06-10,CUST_021,Smartphone Flagship,Elektronik,7469574.0,1,7469574.0,800407.0
ORD_00175,2025-03-19,CUST_077,Drone 4K Camera,Elektronik,4886237.0,1,4886237.0,336744.0
ORD_00176,2025-05-05,CUST_039,Sepatu Running Carbon,Olahraga,1423088.0,2,2846176.0,225585.0
ORD_00177,2025-03-09,CUST_090,Laptop Gaming Pro,Elektronik,12182180.0,1,12182180.0,1268438.0
ORD_00178,2025-05-16,CUST_097,Jeans Denim Slim,Fashion,515589.0,1,515589.0,34293.0
ORD_00179,2025-01-27,CUST_032,Sofa L Shape Minimalis,Home & Living,5107526.0,1,5107526.0,486115.0
ORD_00180,2025-04-12,CUST_081,Matras Yoga Premium,Olahraga,297080.0,3,891239.0,69257.0
ORD_00181,2025-10-30,CUST_055,Lampu Meja Smart LED,Home & Living,209404.0,3,628212.0,58485.0
ORD_00182,2025-01-03,CUST_016,Jaket Kulit Premium,Fashion,1887866.0,1,1887866.0,
ORD_00183,2025-08-19,CUST_032,Tumbler Insulated 1L,Olahraga,128431.0,4,513725.0,31119.0
ORD_00184,2025-03-07,CUST_085,Drone 4K Camera,Elektronik,4697228.0,3,14091683.0,997504.0
ORD_00185,2025-05-23,CUST_086,Dress Formal Wanita,Fashion,402000.0,5,2010000.0,205375.0
ORD_00186,2025-06-12,CUST_066,Sheet Mask Collagen (10pcs),Kecantikan,90622.0,8,724977.0,75488.0
ORD_00187,2025-12-02,CUST_054,Lampu Meja Smart LED,Home & Living,198319.0,6,1189913.0,75383.0
ORD_00188,2025-03-09,CUST_045,Tumbler Insulated 1L,Olahraga,115516.0,4,462065.0,29161.0
ORD_00189,2025-06-09,CUST_093,Eau de Parfum 100ml,Kecantikan,742741.0,3,2228224.0,136679.0
ORD_00190,2025-05-10,CUST_011,Lampu Meja Smart LED,Home & Living,203760.0,2,407520.0,
ORD_00191,2025-09-20,CUST_080,Jeans Denim Slim,Fashion,451991.0,3,1355974.0,138257.0
ORD_00192,2025-03-04,CUST_063,Skincare Routine Set,Kecantikan,923981.0,5,4619903.0,372202.0
ORD_00193,2025-03-27,CUST_005,Adjustable Dumbbell 20kg,Olahraga,1210267.0,1,1210267.0,119837.0
ORD_00194,2025-08-30,CUST_085,Dress Formal Wanita,Fashion,433088.0,4,1732354.0,128904.0
ORD_00195,2025-07-10,CUST_021,Matras Yoga Premium,Olahraga,313416.0,1,313416.0,22237.0
ORD_00196,2025-04-23,CUST_064,Sheet Mask Collagen (10pcs),Kecantikan,94384.0,6,566302.0,57820.0
ORD_00197,2025-08-20,CUST_021,Laptop Gaming Pro,Elektronik,12058735.0,2,24117471.0,2672677.0
ORD_00198,2025-06-22,CUST_083,Vitamin C Serum 30ml,Kecantikan,387740.0,3,1163221.0,
ORD_00199,2025-06-01,CUST_017,Tumbler Insulated 1L,Olahraga,129326.0,3,387979.0,23017.0
ORD_00200,2025-12-16,CUST_096,Tumbler Insulated 1L,Olahraga,118482.0,6,710893.0,43296.0
ORD_00201,2025-04-15,CUST_041,Kaos Oversize Unisex,Fashion,139326.0,5,696628.0,49212.0
ORD_00202,2025-09-15,CUST_013,Smartphone Flagship,Elektronik,7332291.0,2,14664583.0,1223909.0
ORD_00203,2025-11-11,CUST_078,Tumbler Insulated 1L,Olahraga,126971.0,2,253941.0,15414.0
ORD_00204,2025-05-02,CUST_032,Lip Tint & Blush Duo,Kecantikan,196453.0,4,785812.0,73669.0
ORD_00205,2025-05-15,CUST_023,Smartwatch Ultra,Elektronik,2584063.0,3,7752190.0,765214.0
ORD_00206,2025-08-01,CUST_079,Vitamin C Serum 30ml,Kecantikan,378312.0,3,1134936.0,69772.0
ORD_00207,2025-12-19,CUST_056,Vitamin C Serum 30ml,Kecantikan,359944.0,3,1079831.0,108513.0
ORD_00208,2025-08-17,CUST_008,Set Dinnerware Keramik,Home & Living,389754.0,1,389754.0,41949.0
ORD_00209,2025-04-14,CUST_099,Sneakers Limited Edition,Fashion,1007442.0,1,1007442.0,99321.0
ORD_00210,2025-04-22,CUST_013,Sneakers Limited Edition,Fashion,1069486.0,2,2138971.0,141774.0
ORD_00211,2025-01-20,CUST_075,Smartwatch Ultra,Elektronik,2547822.0,4,10191287.0,1024434.0
ORD_00212,2025-07-21,CUST_038,Set Dinnerware Keramik,Home & Living,379618.0,6,2277705.0,220339.0
ORD_00213,2025-01-14,CUST_003,Eau de Parfum 100ml,Kecantikan,760584.0,1,760584.0,63781.0
ORD_00214,2025-06-01,CUST_076,Matras Yoga Premium,Olahraga,319911.0,6,1919464.0,114445.0
ORD_00215,2025-05-26,CUST_063,Jeans Denim Slim,Fashion,471668.0,3,1415003.0,114674.0
ORD_00216,2025-07-17,CUST_047,Skincare Routine Set,Kecantikan,962048.0,6,5772288.0,
ORD_00217,2025-04-28,CUST_070,Vitamin C Serum 30ml,Kecantikan,376695.0,5,1883474.0,169793.0
ORD_00218,2025-02-18,CUST_021,Wireless Noise Cancelling,Elektronik,551011.0,3,1653033.0,174422.0
ORD_00219,2025-10-07,CUST_057,Jeans Denim Slim,Fashion,516344.0,2,1032687.0,113145.0
ORD_00220,2025-02-05,CUST_085,Skincare Routine Set,Kecantikan,957002.0,2,1914005.0,180715.0
ORD_00221,2025-04-16,CUST_089,Lip Tint & Blush Duo,Kecantikan,178250.0,4,712999.0,71702.0
ORD_00222,2025-06-27,CUST_033,Tumbler Insulated 1L,Olahraga,126240.0,3,378720.0,28690.0
ORD_00223,2025-01-21,CUST_082,Lampu Meja Smart LED,Home & Living,198882.0,6,1193292.0,101035.0
ORD_00224,2025-12-07,CUST_012,Adjustable Dumbbell 20kg,Olahraga,1120240.0,1,1120240.0,82362.0
ORD_00225,2025-11-23,CUST_086,Drone 4K Camera,Elektronik,4579368.0,1,4579368.0,313774.0
ORD_00226,2025-03-27,CUST_049,Laptop Gaming Pro,Elektronik,12307956.0,1,12307956.0,1077595.0
ORD_00227,2025-12-07,CUST_005,Smartphone Flagship,Elektronik,7747959.0,1,7747959.0,651462.0
ORD_00228,2025-03-27,CUST_076,Jaket Kulit Premium,Fashion,1922471.0,1,1922471.0,180825.0
ORD_00229,2025-10-04,CUST_020,Vitamin C Serum 30ml,Kecantikan,381719.0,1,381719.0,25606.0
ORD_00230,2025-02-13,CUST_097,Kaos Oversize Unisex,Fashion,134913.0,10,1349127.0,111756.0
ORD_00231,2025-01-08,CUST_024,Kaos Oversize Unisex,Fashion,137938.0,5,689691.0,45660.0
ORD_00232,2025-08-26,CUST_082,Eau de Parfum 100ml,Kecantikan,767121.0,2,1534242.0,102411.0
ORD_00233,2025-06-25,CUST_004,Kaos Oversize Unisex,Fashion,137674.0,8,1101392.0,119655.0
ORD_00234,2025-01-21,CUST_030,Sofa L Shape Minimalis,Home & Living,5212490.0,1,5212490.0,417341.0
ORD_00235,2025-12-19,CUST_068,Matras Yoga Premium,Olahraga,295046.0,3,885137.0,78410.0
ORD_00236,2025-09-22,CUST_050,Smartwatch Ultra,Elektronik,2540747.0,1,2540747.0,168311.0
ORD_00237,2025-10-13,CUST_090,Bantal Ergonomis Memory,Home & Living,274745.0,4,1098981.0,115058.0
ORD_00238,2025-11-10,CUST_075,Tumbler Insulated 1L,Olahraga,121959.0,3,365876.0,30010.0
ORD_00239,2025-07-31,CUST_016,Laptop Gaming Pro,Elektronik,13458210.0,1,13458210.0,1252267.0
ORD_00240,2025-05-28,CUST_001,Sneakers Limited Edition,Fashion,1080520.0,1,1080520.0,70264.0
ORD_00241,2025-05-22,CUST_100,Bantal Ergonomis Memory,Home & Living,286579.0,3,859736.0,68348.0
ORD_00242,2025-02-15,CUST_038,Skincare Routine Set,Kecantikan,928897.0,5,4644484.0,286376.0
ORD_00243,2025-08-03,CUST_022,Sheet Mask Collagen (10pcs),Kecantikan,98647.0,5,493233.0,54297.0
ORD_00244,2025-11-13,CUST_036,Wireless Noise Cancelling,Elektronik,515827.0,9,4642442.0,316181.0
ORD_00245,2025-07-22,CUST_053,Laptop Gaming Pro,Elektronik,12437536.0,1,12437536.0,908884.0
ORD_00246,2025-03-09,CUST_092,Sofa L Shape Minimalis,Home & Living,5038718.0,1,5038718.0,291684.0
ORD_00247,2025-09-12,CUST_055,Jaket Kulit Premium,Fashion,1900207.0,1,1900207.0,217273.0
ORD_00248,2025-09-12,CUST_021,Sepatu Running Carbon,Olahraga,1328725.0,1,1328725.0,135995.0
ORD_00249,2025-03-06,CUST_008,Tumbler Insulated 1L,Olahraga,132371.0,4,529484.0,31177.0
ORD_00250,2025-02-07,CUST_020,Tumbler Insulated 1L,Olahraga,118412.0,4,473647.0,52995.0
ORD_00251,2025-03-08,CUST_086,Drone 4K Camera,Elektronik,4643727.0,2,9287454.0,949224.0
ORD_00252,2025-10-10,CUST_008,Lip Tint & Blush Duo,Kecantikan,171377.0,6,1028262.0,93823.0
ORD_00253,2025-07-08,CUST_049,Bantal Ergonomis Memory,Home & Living,273869.0,5,1369343.0,123860.0
ORD_00254,2025-11-06,CUST_009,Wireless Noise Cancelling,Elektronik,496580.0,3,1489740.0,117403.0
ORD_00255,2025-02-10,CUST_039,Sepatu Running Carbon,Olahraga,1345825.0,1,1345825.0,114994.0
ORD_00256,2025-02-14,CUST_001,Adjustable Dumbbell 20kg,Olahraga,1140910.0,1,1140910.0,126374.0
ORD_00257,2025-12-09,CUST_030,Vitamin C Serum 30ml,Kecantikan,335891.0,7,2351240.0,219098.0
ORD_00258,2025-03-23,CUST_019,Sepatu Running Carbon,Olahraga,1354352.0,2,2708703.0,223127.0
ORD_00259,2025-07-21,CUST_066,Eau de Parfum 100ml,Kecantikan,739521.0,3,2218563.0,208025.0
ORD_00260,2025-09-16,CUST_084,Set Dinnerware Keramik,Home & Living,361329.0,2,722659.0,46438.0
ORD_00261,2025-03-22,CUST_041,Rak Display Kayu Jati,Home & Living,1256793.0,1,1256793.0,79842.0
ORD_00262,2025-05-07,CUST_095,Vitamin C Serum 30ml,Kecantikan,388952.0,2,777904.0,80499.0
ORD_00263,2025-04-09,CUST_045,Laptop Gaming Pro,Elektronik,12274785.0,1,12274785.0,1302483.0
ORD_00264,2025-06-21,CUST_079,Drone 4K Camera,Elektronik,4760170.0,2,9520340.0,780738.0
ORD_00265,2025-07-15,CUST_037,Wireless Noise Cancelling,Elektronik,492283.0,5,2461414.0,198960.0
ORD_00266,2025-05-06,CUST_011,Laptop Gaming Pro,Elektronik,12534479.0,1,12534479.0,974363.0
ORD_00267,2025-07-23,CUST_065,Laptop Gaming Pro,Elektronik,12229187.0,1,12229187.0,832484.0
ORD_00268,2025-03-16,CUST_045,Skincare Routine Set,Kecantikan,850453.0,1,850453.0,72567.0
ORD_00269,2025-11-02,CUST_006,Lip Tint & Blush Duo,Kecantikan,181684.0,1,181684.0,11737.0
ORD_00270,2025-06-19,CUST_035,Rak Display Kayu Jati,Home & Living,1330017.0,1,1330017.0,82419.0
ORD_00271,2025-06-11,CUST_086,Lip Tint & Blush Duo,Kecantikan,174763.0,7,1223339.0,107926.0
ORD_00272,2025-09-07,CUST_085,Adjustable Dumbbell 20kg,Olahraga,1210134.0,1,1210134.0,118037.0
ORD_00273,2025-04-14,CUST_086,Sheet Mask Collagen (10pcs),Kecantikan,102506.0,8,820052.0,88417.0
ORD_00274,2025-05-27,CUST_064,Smartphone Flagship,Elektronik,8239992.0,2,16479984.0,1609321.0
ORD_00275,2025-01-05,CUST_081,Rak Display Kayu Jati,Home & Living,1157596.0,2,2315193.0,230944.0
ORD_00276,2025-12-18,CUST_070,Skincare Routine Set,Kecantikan,990801.0,3,2972404.0,249695.0
ORD_00277,2025-03-23,CUST_092,Kaos Oversize Unisex,Fashion,153481.0,6,920888.0,
ORD_00278,2025-11-24,CUST_019,Bantal Ergonomis Memory,Home & Living,281169.0,4,1124675.0,81996.0
ORD_00279,2025-07-27,CUST_096,Set Dinnerware Keramik,Home & Living,414046.0,1,414046.0,28256.0
ORD_00280,2025-06-18,CUST_024,Adjustable Dumbbell 20kg,Olahraga,1176583.0,2,2353165.0,245171.0
ORD_00281,2025-01-30,CUST_007,Sofa L Shape Minimalis,Home & Living,5233847.0,2,10467695.0,632131.0
ORD_00282,2025-05-21,CUST_008,Sofa L Shape Minimalis,Home & Living,4953135.0,1,4953135.0,292937.0
ORD_00283,2025-12-24,CUST_075,Tumbler Insulated 1L,Olahraga,123151.0,6,738905.0,58689.0
ORD_00284,2025-03-07,CUST_040,Set Dinnerware Keramik,Home & Living,360418.0,3,1081254.0,115842.0
ORD_00285,2025-04-21,CUST_031,Smartphone Flagship,Elektronik,7266981.0,2,14533963.0,1150689.0
ORD_00286,2025-01-21,CUST_019,Lip Tint & Blush Duo,Kecantikan,189158.0,7,1324107.0,150602.0
ORD_00287,2025-03-15,CUST_010,Adjustable Dumbbell 20kg,Olahraga,1221513.0,1,1221513.0,104055.0
ORD_00288,2025-01-30,CUST_063,Eau de Parfum 100ml,Kecantikan,726383.0,3,2179150.0,157767.0
ORD_00289,2025-10-01,CUST_096,Sheet Mask Collagen (10pcs),Kecantikan,90273.0,9,812461.0,82856.0
ORD_00290,2025-06-05,CUST_011,Smartphone Flagship,Elektronik,8349680.0,1,8349680.0,500671.0
ORD_00291,2025-04-10,CUST_082,Laptop Gaming Pro,Elektronik,12629969.0,1,12629969.0,1351317.0
ORD_00292,2025-07-05,CUST_087,Rak Display Kayu Jati,Home & Living,1337264.0,1,1337264.0,127720.0
ORD_00293,2025-01-13,CUST_033,Jeans Denim Slim,Fashion,459156.0,3,1377467.0,134692.0
ORD_00294,2025-10-25,CUST_017,Vitamin C Serum 30ml,Kecantikan,381459.0,3,1144376.0,107170.0
ORD_00295,2025-08-17,CUST_013,Tumbler Insulated 1L,Olahraga,132179.0,5,660896.0,43726.0
ORD_00296,2025-09-20,CUST_036,Lip Tint & Blush Duo,Kecantikan,178941.0,6,1073646.0,67850.0
ORD_00297,2025-08-15,CUST_013,Dress Formal Wanita,Fashion,451535.0,4,1806138.0,130484.0
ORD_00298,2025-02-22,CUST_074,Laptop Gaming Pro,Elektronik,12531724.0,1,12531724.0,890449.0
ORD_00299,2025-11-17,CUST_084,Resistance Band Set,Olahraga,78767.0,10,787665.0,62114.0
ORD_00300,2025-08-10,CUST_034,Skincare Routine Set,Kecantikan,848895.0,2,1697789.0,171832.0
ORD_00301,2025-04-14,CUST_067,Resistance Band Set,Olahraga,81016.0,13,1053214.0,67553.0
ORD_00302,2025-04-14,CUST_009,Sepatu Running Carbon,Olahraga,1417899.0,3,4253696.0,382546.0
ORD_00303,2025-01-26,CUST_025,Tumbler Insulated 1L,Olahraga,118917.0,4,475667.0,30180.0
ORD_00304,2025-02-18,CUST_047,Dress Formal Wanita,Fashion,436841.0,4,1747363.0,123354.0
ORD_00305,2025-01-05,CUST_084,Eau de Parfum 100ml,Kecantikan,772800.0,1,772800.0,74502.0
ORD_00306,2025-01-15,CUST_096,Skincare Routine Set,Kecantikan,987408.0,1,987408.0,85687.0
ORD_00307,2025-07-21,CUST_046,Matras Yoga Premium,Olahraga,335717.0,2,671433.0,55447.0
ORD_00308,2025-08-23,CUST_033,Adjustable Dumbbell 20kg,Olahraga,1139980.0,1,1139980.0,77007.0
ORD_00309,2025-11-16,CUST_059,Wireless Noise Cancelling,Elektronik,557559.0,4,2230236.0,255784.0
ORD_00310,2025-11-07,CUST_082,Jaket Kulit Premium,Fashion,1937197.0,1,1937197.0,213408.0
ORD_00311,2025-03-25,CUST_088,Kaos Oversize Unisex,Fashion,144031.0,11,1584341.0,161414.0
ORD_00312,2025-06-05,CUST_042,Jeans Denim Slim,Fashion,446901.0,1,446901.0,34153.0
ORD_00313,2025-04-01,CUST_022,Rak Display Kayu Jati,Home & Living,1319608.0,1,1319608.0,130287.0
ORD_00314,2025-01-10,CUST_100,Adjustable Dumbbell 20kg,Olahraga,1146484.0,1,1146484.0,108625.0
ORD_00315,2025-12-25,CUST_091,Wireless Noise Cancelling,Elektronik,481114.0,5,2405569.0,140635.0
ORD_00316,2025-11-20,CUST_065,Jaket Kulit Premium,Fashion,1969991.0,1,1969991.0,150733.0
ORD_00317,2025-09-23,CUST_059,Jaket Kulit Premium,Fashion,2080491.0,1,2080491.0,127135.0
ORD_00318,2025-12-20,CUST_041,Sofa L Shape Minimalis,Home & Living,4489951.0,1,4489951.0,294152.0
ORD_00319,2025-12-28,CUST_084,Tumbler Insulated 1L,Olahraga,123389.0,9,1110501.0,113073.0
ORD_00320,2025-09-28,CUST_099,Kaos Oversize Unisex,Fashion,148156.0,4,592625.0,45550.0
ORD_00321,2025-01-04,CUST_067,Sepatu Running Carbon,Olahraga,1422751.0,3,4268253.0,432235.0
ORD_00322,2025-12-17,CUST_053,Jaket Kulit Premium,Fashion,1884489.0,1,1884489.0,208916.0
ORD_00323,2025-11-09,CUST_010,Laptop Gaming Pro,Elektronik,11622662.0,1,11622662.0,891814.0
ORD_00324,2025-11-10,CUST_050,Resistance Band Set,Olahraga,83857.0,6,503141.0,50588.0
ORD_00325,2025-02-16,CUST_100,Sepatu Running Carbon,Olahraga,1297279.0,1,1297279.0,97579.0
ORD_00326,2025-05-19,CUST_096,Resistance Band Set,Olahraga,81859.0,4,327435.0,28178.0
ORD_00327,2025-05-03,CUST_021,Jaket Kulit Premium,Fashion,2090153.0,1,2090153.0,194237.0
ORD_00328,2025-04-14,CUST_015,Sepatu Running Carbon,Olahraga,1475590.0,2,2951180.0,308842.0
ORD_00329,2025-11-09,CUST_081,Sofa L Shape Minimalis,Home & Living,4559097.0,1,4559097.0,483393.0
ORD_00330,2025-09-02,CUST_003,Dress Formal Wanita,Fashion,405511.0,1,405511.0,38487.0
ORD_00331,2025-09-28,CUST_100,Laptop Gaming Pro,Elektronik,13394181.0,1,13394181.0,1135499.0
ORD_00332,2025-06-11,CUST_061,Lip Tint & Blush Duo,Kecantikan,193807.0,2,387615.0,35643.0
ORD_00333,2025-08-28,CUST_064,Vitamin C Serum 30ml,Kecantikan,363964.0,5,1819821.0,113028.0
ORD_00334,2025-05-31,CUST_002,Set Dinnerware Keramik,Home & Living,363888.0,2,727776.0,53555.0
ORD_00335,2025-09-29,CUST_083,Sofa L Shape Minimalis,Home & Living,4946902.0,1,4946902.0,441782.0
ORD_00336,2025-10-10,CUST_012,Lampu Meja Smart LED,Home & Living,180018.0,2,360035.0,28241.0
ORD_00337,2025-02-28,CUST_033,Laptop Gaming Pro,Elektronik,13255969.0,1,13255969.0,1210671.0
ORD_00338,2025-10-16,CUST_013,Jaket Kulit Premium,Fashion,1811655.0,1,1811655.0,140286.0
ORD_00339,2025-11-18,CUST_006,Vitamin C Serum 30ml,Kecantikan,362087.0,6,2172521.0,246855.0
ORD_00340,2025-09-23,CUST_098,Jeans Denim Slim,Fashion,486529.0,4,1946116.0,115682.0
ORD_00341,2025-10-22,CUST_091,Wireless Noise Cancelling,Elektronik,558982.0,2,1117965.0,101979.0
ORD_00342,2025-07-26,CUST_027,Tumbler Insulated 1L,Olahraga,115302.0,5,576511.0,65089.0
ORD_00343,2025-09-15,CUST_029,Jaket Kulit Premium,Fashion,1891627.0,1,1891627.0,134808.0
ORD_00344,2025-02-17,CUST_021,Skincare Routine Set,Kecantikan,936524.0,1,936524.0,63482.0
ORD_00345,2025-06-13,CUST_083,Bantal Ergonomis Memory,Home & Living,278649.0,3,835946.0,58672.0
ORD_00346,2025-05-25,CUST_074,Smartphone Flagship,Elektronik,8015231.0,2,16030461.0,1821388.0
ORD_00347,2025-03-14,CUST_027,Dress Formal Wanita,Fashion,408592.0,4,1634370.0,132489.0
ORD_00348,2025-02-16,CUST_063,Dress Formal Wanita,Fashion,404550.0,5,2022752.0,217746.0
ORD_00349,2025-07-22,CUST_061,Laptop Gaming Pro,Elektronik,11654290.0,1,11654290.0,1278127.0
